{"cameraMode":{"drawMode":0,"name":"Shaded","section":"Shading Mode"},"sceneLighting":false,"audioPlay":false,"sceneViewState":{"showFog":true,"showMaterialUpdate":false,"showSkybox":false,"showFlares":true,"showImageEffects":true,"showParticleSystems":true},"in2DMode":false,"pivot":{"x":5.940000057220459,"y":0.47499996423721316,"z":11.54699993133545},"rotation":{"x":0.11141211539506912,"y":0.6421756148338318,"z":-0.09508522599935532,"w":0.7524360418319702},"size":0.20208245515823365,"orthographic":false}