{"cameraMode":{"drawMode":0,"name":"Shaded","section":"Shading Mode"},"sceneLighting":false,"audioPlay":false,"sceneViewState":{"showFog":true,"showMaterialUpdate":false,"showSkybox":false,"showFlares":true,"showImageEffects":true,"showParticleSystems":true},"in2DMode":false,"pivot":{"x":-22.865373611450197,"y":1.0499999523162842,"z":-5.009006977081299},"rotation":{"x":0.009463475085794926,"y":0.9883071780204773,"z":-0.13574856519699098,"w":0.06890861690044403},"size":4.2186150550842289,"orthographic":false}